Type,No.,2020.1,2020.2,2021,2024,2026
Choice,1,1,64,120,176,213
Choice,2,2,65,121,177,214
Choice,3,3,66,122,178,215
Choice,4,4,67,57,138,144
Choice,5,5,68,123,163,216
Choice,6,6,69,124,160,217
Choice,7,7,70,125,175,218
Choice,8,8,71,126,179,195
Choice,9,9,72,127,180,219
Choice,10,10,25,128,35,220
Choice,11,11,73,129,162,221
Choice,12,12,75,130,181,222
Choice,13,13,76,131,125,223
Choice,14,14,77,132,182,224
Choice,15,15,78,133,183,117
Choice,16,16,79,134,184,225
Choice,17,17,261,135,126,226
Choice,18,18,80,136,185,227
Choice,19,19,81,137,186,228
Choice,20,20,82,138,187,229
Choice,21,21,83,139,188,230
Choice,22,22,262,140,189,203
Choice,23,23,84,141,142,231
Choice,24,24,85,142,29,232
Choice,25,25,86,88,61,132
Choice,26,26,87,143,190,233
Choice,27,27,88,144,34,234
Choice,28,28,263,145,174,207
Choice,29,29,89,146,140,235
Choice,30,30,90,147,13,236
Choice,31,32,91,148,42,237
Choice,32,33,92,149,172,238
Choice,33,34,93,150,191,74
Choice,34,35,264,151,156,239
Choice,35,36,94,152,192,240
Choice,36,37,265,153,164,241
Choice,37,38,96,154,41,242
Choice,38,39,97,155,193,243
Choice,39,41,98,83,135,244
Choice,40,42,266,103,194,245
Choice,41,43,99,156,196,246
Choice,42,44,100,157,97,247
Choice,43,45,101,158,197,248
Choice,44,46,102,159,198,249
Choice,45,48,103,160,151,250
Choice,46,49,104,161,199,251
Choice,47,50,105,162,195,172
Choice,48,51,106,163,173,252
Choice,49,52,267,164,200,183
Choice,50,53,107,165,201,253
Choice,51,54,108,166,121,254
Choice,52,55,109,167,202,94
Choice,53,56,110,168,47,255
Choice,54,57,268,38,130,73
Choice,55,58,111,169,203,256
Choice,56,59,112,170,205,257
Choice,57,60,113,172,206,258
Choice,58,61,114,173,152,259
Choice,59,62,115,53,39,260
Choice,60,63,269,104,207,52
Choice,61,,116,76,208,204
Choice,62,,117,31,209,171
Choice,63,,118,174,210,136
Choice,64,,119,175,211,95
Choice,65,,,32,212,40
Judge,1,1,,7,26,51
Judge,2,2,,8,27,52
Judge,3,3,,9,28,53
Judge,4,4,,10,29,54
Judge,5,5,,11,30,34
Judge,6,,,12,31,55
Judge,7,,,6,32,62
Judge,8,,,13,33,56
Judge,9,,,14,34,57
Judge,10,,,15,35,42
Judge,11,,,16,36,58
Judge,12,,,18,37,35
Judge,13,,,19,38,59
Judge,14,,,20,39,60
Judge,15,,,21,40,61
Judge,16,,,22,41,45
Judge,17,,,23,18,40
Judge,18,,,24,42,17
Judge,19,,,25,43,41
Judge,20,,,1,44,26
Judge,21,,,,46,
Judge,22,,,,47,
Judge,23,,,,48,
Judge,24,,,,49,
Judge,25,,,,50,
